session,treatment,period,id,type,v,payoff,pay0,pay1,cv,cd,totalOtherV,R0,endowment,payScale
2024-11-07-115200,3,1,1,2,0,17,17,15,1,7,3,1.5,6,3
2024-11-07-115200,3,1,2,2,1,15,14.5,15,1,7,2,1.5,6,3
2024-11-07-115200,3,1,3,1,1,15,16.5,15,1,3,2,1.5,6,3
2024-11-07-115200,3,1,4,2,0,17,17,15,1,7,3,1.5,6,3
2024-11-07-115200,3,1,5,2,1,15,14.5,15,1,7,2,1.5,6,3
2024-11-07-115200,3,1,6,1,0,17.6,17.6,15,1,3,3,1.5,6,3
2024-11-07-115200,3,1,7,1,0,17.6,17.6,15,1,3,3,1.5,6,3
2024-11-07-115200,3,1,8,2,0,17,17,15,1,7,3,1.5,6,3
2024-11-07-115200,3,1,9,1,0,17.6,17.6,15,1,3,3,1.5,6,3
2024-11-07-115200,3,1,10,1,0,17.6,17.6,15,1,3,3,1.5,6,3
2024-11-07-115200,3,2,1,2,1,15,17,15,1,7,3,1.5,6,3
2024-11-07-115200,3,2,2,2,1,15,17,15,1,7,3,1.5,6,3
2024-11-07-115200,3,2,3,1,0,18,18,15,1,3,4,1.5,6,3
2024-11-07-115200,3,2,4,2,0,18,18,15,1,7,4,1.5,6,3
2024-11-07-115200,3,2,5,2,1,15,17,15,1,7,3,1.5,6,3
2024-11-07-115200,3,2,6,1,0,18,18,15,1,3,4,1.5,6,3
2024-11-07-115200,3,2,7,1,0,18,18,15,1,3,4,1.5,6,3
2024-11-07-115200,3,2,8,2,1,15,17,15,1,7,3,1.5,6,3
2024-11-07-115200,3,2,9,1,0,18,18,15,1,3,4,1.5,6,3
2024-11-07-115200,3,2,10,1,0,18,18,15,1,3,4,1.5,6,3
2024-11-07-115200,3,3,1,2,1,15,18,15,1,7,4,1.5,6,3
2024-11-07-115200,3,3,2,2,1,15,18,15,1,7,4,1.5,6,3
2024-11-07-115200,3,3,3,1,0,18,18,15,1,3,5,1.5,6,3
2024-11-07-115200,3,3,4,2,1,15,18,15,1,7,4,1.5,6,3
2024-11-07-115200,3,3,5,2,1,15,18,15,1,7,4,1.5,6,3
2024-11-07-115200,3,3,6,1,0,18,18,15,1,3,5,1.5,6,3
2024-11-07-115200,3,3,7,1,0,18,18,15,1,3,5,1.5,6,3
2024-11-07-115200,3,3,8,2,1,15,18,15,1,7,4,1.5,6,3
2024-11-07-115200,3,3,9,1,0,18,18,15,1,3,5,1.5,6,3
2024-11-07-115200,3,3,10,1,0,18,18,15,1,3,5,1.5,6,3
2024-11-07-115200,3,4,1,2,1,15,17,15,1,7,3,1.5,6,3
2024-11-07-115200,3,4,2,2,1,15,17,15,1,7,3,1.5,6,3
2024-11-07-115200,3,4,3,1,0,18,18,15,1,3,4,1.5,6,3
2024-11-07-115200,3,4,4,2,0,18,18,15,1,7,4,1.5,6,3
2024-11-07-115200,3,4,5,2,1,15,17,15,1,7,3,1.5,6,3
2024-11-07-115200,3,4,6,1,0,18,18,15,1,3,4,1.5,6,3
2024-11-07-115200,3,4,7,1,0,18,18,15,1,3,4,1.5,6,3
2024-11-07-115200,3,4,8,2,1,15,17,15,1,7,3,1.5,6,3
2024-11-07-115200,3,4,9,1,0,18,18,15,1,3,4,1.5,6,3
2024-11-07-115200,3,4,10,1,0,18,18,15,1,3,4,1.5,6,3
2024-11-07-115200,3,5,1,2,1,15,14.5,15,1,7,2,1.5,6,3
2024-11-07-115200,3,5,2,2,1,15,14.5,15,1,7,2,1.5,6,3
2024-11-07-115200,3,5,3,1,0,17.6,17.6,15,1,3,3,1.5,6,3
2024-11-07-115200,3,5,4,2,0,17,17,15,1,7,3,1.5,6,3
2024-11-07-115200,3,5,5,2,0,17,17,15,1,7,3,1.5,6,3
2024-11-07-115200,3,5,6,1,0,17.6,17.6,15,1,3,3,1.5,6,3
2024-11-07-115200,3,5,7,1,0,17.6,17.6,15,1,3,3,1.5,6,3
2024-11-07-115200,3,5,8,2,1,15,14.5,15,1,7,2,1.5,6,3
2024-11-07-115200,3,5,9,1,0,17.6,17.6,15,1,3,3,1.5,6,3
2024-11-07-115200,3,5,10,1,0,17.6,17.6,15,1,3,3,1.5,6,3
2024-11-07-115200,3,6,1,2,1,15,17,15,1,7,3,1.5,6,3
2024-11-07-115200,3,6,2,2,1,15,17,15,1,7,3,1.5,6,3
2024-11-07-115200,3,6,3,1,0,18,18,15,1,3,4,1.5,6,3
2024-11-07-115200,3,6,4,2,0,18,18,15,1,7,4,1.5,6,3
2024-11-07-115200,3,6,5,2,1,15,17,15,1,7,3,1.5,6,3
2024-11-07-115200,3,6,6,1,0,18,18,15,1,3,4,1.5,6,3
2024-11-07-115200,3,6,7,1,0,18,18,15,1,3,4,1.5,6,3
2024-11-07-115200,3,6,8,2,1,15,17,15,1,7,3,1.5,6,3
2024-11-07-115200,3,6,9,1,0,18,18,15,1,3,4,1.5,6,3
2024-11-07-115200,3,6,10,1,0,18,18,15,1,3,4,1.5,6,3
2024-11-07-115200,3,7,1,2,0,17,17,15,1,7,3,1.5,6,3
2024-11-07-115200,3,7,2,2,1,15,14.5,15,1,7,2,1.5,6,3
2024-11-07-115200,3,7,3,1,0,17.6,17.6,15,1,3,3,1.5,6,3
2024-11-07-115200,3,7,4,2,0,17,17,15,1,7,3,1.5,6,3
2024-11-07-115200,3,7,5,2,1,15,14.5,15,1,7,2,1.5,6,3
2024-11-07-115200,3,7,6,1,0,17.6,17.6,15,1,3,3,1.5,6,3
2024-11-07-115200,3,7,7,1,0,17.6,17.6,15,1,3,3,1.5,6,3
2024-11-07-115200,3,7,8,2,1,15,14.5,15,1,7,2,1.5,6,3
2024-11-07-115200,3,7,9,1,0,17.6,17.6,15,1,3,3,1.5,6,3
2024-11-07-115200,3,7,10,1,0,17.6,17.6,15,1,3,3,1.5,6,3
2024-11-07-115200,3,8,1,2,0,14.5,14.5,15,1,7,2,1.5,6,3
2024-11-07-115200,3,8,2,2,1,15,12.6,15,1,7,1,1.5,6,3
2024-11-07-115200,3,8,3,1,0,16.5,16.5,15,1,3,2,1.5,6,3
2024-11-07-115200,3,8,4,2,0,14.5,14.5,15,1,7,2,1.5,6,3
2024-11-07-115200,3,8,5,2,1,15,12.6,15,1,7,1,1.5,6,3
2024-11-07-115200,3,8,6,1,0,16.5,16.5,15,1,3,2,1.5,6,3
2024-11-07-115200,3,8,7,1,0,16.5,16.5,15,1,3,2,1.5,6,3
2024-11-07-115200,3,8,8,2,0,14.5,14.5,15,1,7,2,1.5,6,3
2024-11-07-115200,3,8,9,1,0,16.5,16.5,15,1,3,2,1.5,6,3
2024-11-07-115200,3,8,10,1,0,16.5,16.5,15,1,3,2,1.5,6,3
2024-11-07-115200,3,9,1,2,0,17,17,15,1,7,3,1.5,6,3
2024-11-07-115200,3,9,2,2,1,15,14.5,15,1,7,2,1.5,6,3
2024-11-07-115200,3,9,3,1,1,15,16.5,15,1,3,2,1.5,6,3
2024-11-07-115200,3,9,4,2,0,17,17,15,1,7,3,1.5,6,3
2024-11-07-115200,3,9,5,2,1,15,14.5,15,1,7,2,1.5,6,3
2024-11-07-115200,3,9,6,1,0,17.6,17.6,15,1,3,3,1.5,6,3
2024-11-07-115200,3,9,7,1,0,17.6,17.6,15,1,3,3,1.5,6,3
2024-11-07-115200,3,9,8,2,0,17,17,15,1,7,3,1.5,6,3
2024-11-07-115200,3,9,9,1,0,17.6,17.6,15,1,3,3,1.5,6,3
2024-11-07-115200,3,9,10,1,0,17.6,17.6,15,1,3,3,1.5,6,3
2024-11-07-115200,3,10,1,2,0,18,18,15,1,7,4,1.5,6,3
2024-11-07-115200,3,10,2,2,1,15,17,15,1,7,3,1.5,6,3
2024-11-07-115200,3,10,3,1,1,15,17.6,15,1,3,3,1.5,6,3
2024-11-07-115200,3,10,4,2,0,18,18,15,1,7,4,1.5,6,3
2024-11-07-115200,3,10,5,2,1,15,17,15,1,7,3,1.5,6,3
2024-11-07-115200,3,10,6,1,0,18,18,15,1,3,4,1.5,6,3
2024-11-07-115200,3,10,7,1,0,18,18,15,1,3,4,1.5,6,3
2024-11-07-115200,3,10,8,2,1,15,17,15,1,7,3,1.5,6,3
2024-11-07-115200,3,10,9,1,0,18,18,15,1,3,4,1.5,6,3
2024-11-07-115200,3,10,10,1,0,18,18,15,1,3,4,1.5,6,3
2024-11-07-115200,3,11,1,2,0,17,17,15,1,7,3,1.5,6,3
2024-11-07-115200,3,11,2,2,1,15,14.5,15,1,7,2,1.5,6,3
2024-11-07-115200,3,11,3,1,0,17.6,17.6,15,1,3,3,1.5,6,3
2024-11-07-115200,3,11,4,2,0,17,17,15,1,7,3,1.5,6,3
2024-11-07-115200,3,11,5,2,1,15,14.5,15,1,7,2,1.5,6,3
2024-11-07-115200,3,11,6,1,0,17.6,17.6,15,1,3,3,1.5,6,3
2024-11-07-115200,3,11,7,1,0,17.6,17.6,15,1,3,3,1.5,6,3
2024-11-07-115200,3,11,8,2,1,15,14.5,15,1,7,2,1.5,6,3
2024-11-07-115200,3,11,9,1,0,17.6,17.6,15,1,3,3,1.5,6,3
2024-11-07-115200,3,11,10,1,0,17.6,17.6,15,1,3,3,1.5,6,3
2024-11-07-115200,3,12,1,2,0,18,18,15,1,7,4,1.5,6,3
2024-11-07-115200,3,12,2,2,1,15,17,15,1,7,3,1.5,6,3
2024-11-07-115200,3,12,3,1,0,18,18,15,1,3,4,1.5,6,3
2024-11-07-115200,3,12,4,2,1,15,17,15,1,7,3,1.5,6,3
2024-11-07-115200,3,12,5,2,1,15,17,15,1,7,3,1.5,6,3
2024-11-07-115200,3,12,6,1,0,18,18,15,1,3,4,1.5,6,3
2024-11-07-115200,3,12,7,1,0,18,18,15,1,3,4,1.5,6,3
2024-11-07-115200,3,12,8,2,1,15,17,15,1,7,3,1.5,6,3
2024-11-07-115200,3,12,9,1,0,18,18,15,1,3,4,1.5,6,3
2024-11-07-115200,3,12,10,1,0,18,18,15,1,3,4,1.5,6,3
2024-11-07-115200,3,13,1,2,0,14.5,14.5,15,1,7,2,1.5,6,3
2024-11-07-115200,3,13,2,2,1,15,12.6,15,1,7,1,1.5,6,3
2024-11-07-115200,3,13,3,1,0,16.5,16.5,15,1,3,2,1.5,6,3
2024-11-07-115200,3,13,4,2,0,14.5,14.5,15,1,7,2,1.5,6,3
2024-11-07-115200,3,13,5,2,1,15,12.6,15,1,7,1,1.5,6,3
2024-11-07-115200,3,13,6,1,0,16.5,16.5,15,1,3,2,1.5,6,3
2024-11-07-115200,3,13,7,1,0,16.5,16.5,15,1,3,2,1.5,6,3
2024-11-07-115200,3,13,8,2,0,14.5,14.5,15,1,7,2,1.5,6,3
2024-11-07-115200,3,13,9,1,0,16.5,16.5,15,1,3,2,1.5,6,3
2024-11-07-115200,3,13,10,1,0,16.5,16.5,15,1,3,2,1.5,6,3
2024-11-07-115200,3,14,1,2,0,17,17,15,1,7,3,1.5,6,3
2024-11-07-115200,3,14,2,2,1,15,14.5,15,1,7,2,1.5,6,3
2024-11-07-115200,3,14,3,1,1,15,16.5,15,1,3,2,1.5,6,3
2024-11-07-115200,3,14,4,2,0,17,17,15,1,7,3,1.5,6,3
2024-11-07-115200,3,14,5,2,1,15,14.5,15,1,7,2,1.5,6,3
2024-11-07-115200,3,14,6,1,0,17.6,17.6,15,1,3,3,1.5,6,3
2024-11-07-115200,3,14,7,1,0,17.6,17.6,15,1,3,3,1.5,6,3
2024-11-07-115200,3,14,8,2,0,17,17,15,1,7,3,1.5,6,3
2024-11-07-115200,3,14,9,1,0,17.6,17.6,15,1,3,3,1.5,6,3
2024-11-07-115200,3,14,10,1,0,17.6,17.6,15,1,3,3,1.5,6,3
2024-11-07-115200,3,15,1,2,0,14.5,14.5,15,1,7,2,1.5,6,3
2024-11-07-115200,3,15,2,2,1,15,12.6,15,1,7,1,1.5,6,3
2024-11-07-115200,3,15,3,1,0,16.5,16.5,15,1,3,2,1.5,6,3
2024-11-07-115200,3,15,4,2,0,14.5,14.5,15,1,7,2,1.5,6,3
2024-11-07-115200,3,15,5,2,1,15,12.6,15,1,7,1,1.5,6,3
2024-11-07-115200,3,15,6,1,0,16.5,16.5,15,1,3,2,1.5,6,3
2024-11-07-115200,3,15,7,1,0,16.5,16.5,15,1,3,2,1.5,6,3
2024-11-07-115200,3,15,8,2,0,14.5,14.5,15,1,7,2,1.5,6,3
2024-11-07-115200,3,15,9,1,0,16.5,16.5,15,1,3,2,1.5,6,3
2024-11-07-115200,3,15,10,1,0,16.5,16.5,15,1,3,2,1.5,6,3
2024-11-07-115200,3,16,1,2,1,15,12.6,15,1,7,1,1.5,6,3
2024-11-07-115200,3,16,2,2,1,15,12.6,15,1,7,1,1.5,6,3
2024-11-07-115200,3,16,3,1,0,16.5,16.5,15,1,3,2,1.5,6,3
2024-11-07-115200,3,16,4,2,0,14.5,14.5,15,1,7,2,1.5,6,3
2024-11-07-115200,3,16,5,2,0,14.5,14.5,15,1,7,2,1.5,6,3
2024-11-07-115200,3,16,6,1,0,16.5,16.5,15,1,3,2,1.5,6,3
2024-11-07-115200,3,16,7,1,0,16.5,16.5,15,1,3,2,1.5,6,3
2024-11-07-115200,3,16,8,2,0,14.5,14.5,15,1,7,2,1.5,6,3
2024-11-07-115200,3,16,9,1,0,16.5,16.5,15,1,3,2,1.5,6,3
2024-11-07-115200,3,16,10,1,0,16.5,16.5,15,1,3,2,1.5,6,3
2024-11-07-115200,3,17,1,2,1,15,14.5,15,1,7,2,1.5,6,3
2024-11-07-115200,3,17,2,2,1,15,14.5,15,1,7,2,1.5,6,3
2024-11-07-115200,3,17,3,1,0,17.6,17.6,15,1,3,3,1.5,6,3
2024-11-07-115200,3,17,4,2,0,17,17,15,1,7,3,1.5,6,3
2024-11-07-115200,3,17,5,2,1,15,14.5,15,1,7,2,1.5,6,3
2024-11-07-115200,3,17,6,1,0,17.6,17.6,15,1,3,3,1.5,6,3
2024-11-07-115200,3,17,7,1,0,17.6,17.6,15,1,3,3,1.5,6,3
2024-11-07-115200,3,17,8,2,0,17,17,15,1,7,3,1.5,6,3
2024-11-07-115200,3,17,9,1,0,17.6,17.6,15,1,3,3,1.5,6,3
2024-11-07-115200,3,17,10,1,0,17.6,17.6,15,1,3,3,1.5,6,3
2024-11-07-115200,3,18,1,2,0,18,18,15,1,7,4,1.5,6,3
2024-11-07-115200,3,18,2,2,1,15,17,15,1,7,3,1.5,6,3
2024-11-07-115200,3,18,3,1,0,18,18,15,1,3,4,1.5,6,3
2024-11-07-115200,3,18,4,2,0,18,18,15,1,7,4,1.5,6,3
2024-11-07-115200,3,18,5,2,1,15,17,15,1,7,3,1.5,6,3
2024-11-07-115200,3,18,6,1,0,18,18,15,1,3,4,1.5,6,3
2024-11-07-115200,3,18,7,1,0,18,18,15,1,3,4,1.5,6,3
2024-11-07-115200,3,18,8,2,1,15,17,15,1,7,3,1.5,6,3
2024-11-07-115200,3,18,9,1,1,15,17.6,15,1,3,3,1.5,6,3
2024-11-07-115200,3,18,10,1,0,18,18,15,1,3,4,1.5,6,3
2024-11-07-115200,3,19,1,2,0,14.5,14.5,15,1,7,2,1.5,6,3
2024-11-07-115200,3,19,2,2,1,15,12.6,15,1,7,1,1.5,6,3
2024-11-07-115200,3,19,3,1,0,16.5,16.5,15,1,3,2,1.5,6,3
2024-11-07-115200,3,19,4,2,0,14.5,14.5,15,1,7,2,1.5,6,3
2024-11-07-115200,3,19,5,2,0,14.5,14.5,15,1,7,2,1.5,6,3
2024-11-07-115200,3,19,6,1,0,16.5,16.5,15,1,3,2,1.5,6,3
2024-11-07-115200,3,19,7,1,0,16.5,16.5,15,1,3,2,1.5,6,3
2024-11-07-115200,3,19,8,2,1,15,12.6,15,1,7,1,1.5,6,3
2024-11-07-115200,3,19,9,1,0,16.5,16.5,15,1,3,2,1.5,6,3
2024-11-07-115200,3,19,10,1,0,16.5,16.5,15,1,3,2,1.5,6,3
2024-11-07-115200,3,20,1,2,1,15,18,15,1,7,4,1.5,6,3
2024-11-07-115200,3,20,2,2,1,15,18,15,1,7,4,1.5,6,3
2024-11-07-115200,3,20,3,1,1,15,18,15,1,3,4,1.5,6,3
2024-11-07-115200,3,20,4,2,1,15,18,15,1,7,4,1.5,6,3
2024-11-07-115200,3,20,5,2,1,15,18,15,1,7,4,1.5,6,3
2024-11-07-115200,3,20,6,1,0,18,18,15,1,3,5,1.5,6,3
2024-11-07-115200,3,20,7,1,0,18,18,15,1,3,5,1.5,6,3
2024-11-07-115200,3,20,8,2,0,18,18,15,1,7,5,1.5,6,3
2024-11-07-115200,3,20,9,1,0,18,18,15,1,3,5,1.5,6,3
2024-11-07-115200,3,20,10,1,0,18,18,15,1,3,5,1.5,6,3
2024-11-07-115200,3,21,1,2,0,18,18,15,1,7,4,1.5,6,3
2024-11-07-115200,3,21,2,2,1,15,17,15,1,7,3,1.5,6,3
2024-11-07-115200,3,21,3,1,0,18,18,15,1,3,4,1.5,6,3
2024-11-07-115200,3,21,4,2,0,18,18,15,1,7,4,1.5,6,3
2024-11-07-115200,3,21,5,2,1,15,17,15,1,7,3,1.5,6,3
2024-11-07-115200,3,21,6,1,0,18,18,15,1,3,4,1.5,6,3
2024-11-07-115200,3,21,7,1,0,18,18,15,1,3,4,1.5,6,3
2024-11-07-115200,3,21,8,2,1,15,17,15,1,7,3,1.5,6,3
2024-11-07-115200,3,21,9,1,1,15,17.6,15,1,3,3,1.5,6,3
2024-11-07-115200,3,21,10,1,0,18,18,15,1,3,4,1.5,6,3
2024-11-07-115200,3,22,1,2,0,17,17,15,1,7,3,1.5,6,3
2024-11-07-115200,3,22,2,2,1,15,14.5,15,1,7,2,1.5,6,3
2024-11-07-115200,3,22,3,1,0,17.6,17.6,15,1,3,3,1.5,6,3
2024-11-07-115200,3,22,4,2,0,17,17,15,1,7,3,1.5,6,3
2024-11-07-115200,3,22,5,2,1,15,14.5,15,1,7,2,1.5,6,3
2024-11-07-115200,3,22,6,1,0,17.6,17.6,15,1,3,3,1.5,6,3
2024-11-07-115200,3,22,7,1,0,17.6,17.6,15,1,3,3,1.5,6,3
2024-11-07-115200,3,22,8,2,1,15,14.5,15,1,7,2,1.5,6,3
2024-11-07-115200,3,22,9,1,0,17.6,17.6,15,1,3,3,1.5,6,3
2024-11-07-115200,3,22,10,1,0,17.6,17.6,15,1,3,3,1.5,6,3
2024-11-07-115200,3,23,1,2,0,17,17,15,1,7,3,1.5,6,3
2024-11-07-115200,3,23,2,2,1,15,14.5,15,1,7,2,1.5,6,3
2024-11-07-115200,3,23,3,1,0,17.6,17.6,15,1,3,3,1.5,6,3
2024-11-07-115200,3,23,4,2,1,15,14.5,15,1,7,2,1.5,6,3
2024-11-07-115200,3,23,5,2,1,15,14.5,15,1,7,2,1.5,6,3
2024-11-07-115200,3,23,6,1,0,17.6,17.6,15,1,3,3,1.5,6,3
2024-11-07-115200,3,23,7,1,0,17.6,17.6,15,1,3,3,1.5,6,3
2024-11-07-115200,3,23,8,2,0,17,17,15,1,7,3,1.5,6,3
2024-11-07-115200,3,23,9,1,0,17.6,17.6,15,1,3,3,1.5,6,3
2024-11-07-115200,3,23,10,1,0,17.6,17.6,15,1,3,3,1.5,6,3
2024-11-07-115200,3,24,1,2,0,14.5,14.5,15,1,7,2,1.5,6,3
2024-11-07-115200,3,24,2,2,1,15,12.6,15,1,7,1,1.5,6,3
2024-11-07-115200,3,24,3,1,0,16.5,16.5,15,1,3,2,1.5,6,3
2024-11-07-115200,3,24,4,2,0,14.5,14.5,15,1,7,2,1.5,6,3
2024-11-07-115200,3,24,5,2,0,14.5,14.5,15,1,7,2,1.5,6,3
2024-11-07-115200,3,24,6,1,0,16.5,16.5,15,1,3,2,1.5,6,3
2024-11-07-115200,3,24,7,1,0,16.5,16.5,15,1,3,2,1.5,6,3
2024-11-07-115200,3,24,8,2,0,14.5,14.5,15,1,7,2,1.5,6,3
2024-11-07-115200,3,24,9,1,1,15,15.7,15,1,3,1,1.5,6,3
2024-11-07-115200,3,24,10,1,0,16.5,16.5,15,1,3,2,1.5,6,3
2024-11-07-115200,3,25,1,2,1,15,18,15,1,7,4,1.5,6,3
2024-11-07-115200,3,25,2,2,1,15,18,15,1,7,4,1.5,6,3
2024-11-07-115200,3,25,3,1,1,15,18,15,1,3,4,1.5,6,3
2024-11-07-115200,3,25,4,2,0,18,18,15,1,7,5,1.5,6,3
2024-11-07-115200,3,25,5,2,1,15,18,15,1,7,4,1.5,6,3
2024-11-07-115200,3,25,6,1,0,18,18,15,1,3,5,1.5,6,3
2024-11-07-115200,3,25,7,1,0,18,18,15,1,3,5,1.5,6,3
2024-11-07-115200,3,25,8,2,1,15,18,15,1,7,4,1.5,6,3
2024-11-07-115200,3,25,9,1,0,18,18,15,1,3,5,1.5,6,3
2024-11-07-115200,3,25,10,1,0,18,18,15,1,3,5,1.5,6,3
2024-11-07-115200,3,26,1,2,1,15,14.5,15,1,7,2,1.5,6,3
2024-11-07-115200,3,26,2,2,1,15,14.5,15,1,7,2,1.5,6,3
2024-11-07-115200,3,26,3,1,0,17.6,17.6,15,1,3,3,1.5,6,3
2024-11-07-115200,3,26,4,2,0,17,17,15,1,7,3,1.5,6,3
2024-11-07-115200,3,26,5,2,1,15,14.5,15,1,7,2,1.5,6,3
2024-11-07-115200,3,26,6,1,0,17.6,17.6,15,1,3,3,1.5,6,3
2024-11-07-115200,3,26,7,1,0,17.6,17.6,15,1,3,3,1.5,6,3
2024-11-07-115200,3,26,8,2,0,17,17,15,1,7,3,1.5,6,3
2024-11-07-115200,3,26,9,1,0,17.6,17.6,15,1,3,3,1.5,6,3
2024-11-07-115200,3,26,10,1,0,17.6,17.6,15,1,3,3,1.5,6,3
2024-11-07-115200,3,27,1,2,0,17,17,15,1,7,3,1.5,6,3
2024-11-07-115200,3,27,2,2,1,15,14.5,15,1,7,2,1.5,6,3
2024-11-07-115200,3,27,3,1,0,17.6,17.6,15,1,3,3,1.5,6,3
2024-11-07-115200,3,27,4,2,1,15,14.5,15,1,7,2,1.5,6,3
2024-11-07-115200,3,27,5,2,1,15,14.5,15,1,7,2,1.5,6,3
2024-11-07-115200,3,27,6,1,0,17.6,17.6,15,1,3,3,1.5,6,3
2024-11-07-115200,3,27,7,1,0,17.6,17.6,15,1,3,3,1.5,6,3
2024-11-07-115200,3,27,8,2,0,17,17,15,1,7,3,1.5,6,3
2024-11-07-115200,3,27,9,1,0,17.6,17.6,15,1,3,3,1.5,6,3
2024-11-07-115200,3,27,10,1,0,17.6,17.6,15,1,3,3,1.5,6,3
2024-11-07-115200,3,28,1,2,0,18,18,15,1,7,4,1.5,6,3
2024-11-07-115200,3,28,2,2,1,15,17,15,1,7,3,1.5,6,3
2024-11-07-115200,3,28,3,1,0,18,18,15,1,3,4,1.5,6,3
2024-11-07-115200,3,28,4,2,1,15,17,15,1,7,3,1.5,6,3
2024-11-07-115200,3,28,5,2,1,15,17,15,1,7,3,1.5,6,3
2024-11-07-115200,3,28,6,1,0,18,18,15,1,3,4,1.5,6,3
2024-11-07-115200,3,28,7,1,0,18,18,15,1,3,4,1.5,6,3
2024-11-07-115200,3,28,8,2,1,15,17,15,1,7,3,1.5,6,3
2024-11-07-115200,3,28,9,1,0,18,18,15,1,3,4,1.5,6,3
2024-11-07-115200,3,28,10,1,0,18,18,15,1,3,4,1.5,6,3
2024-11-07-115200,3,29,1,2,0,12.6,12.6,15,1,7,1,1.5,6,3
2024-11-07-115200,3,29,2,2,1,15,11,15,1,7,0,1.5,6,3
2024-11-07-115200,3,29,3,1,0,15.7,15.7,15,1,3,1,1.5,6,3
2024-11-07-115200,3,29,4,2,0,12.6,12.6,15,1,7,1,1.5,6,3
2024-11-07-115200,3,29,5,2,0,12.6,12.6,15,1,7,1,1.5,6,3
2024-11-07-115200,3,29,6,1,0,15.7,15.7,15,1,3,1,1.5,6,3
2024-11-07-115200,3,29,7,1,0,15.7,15.7,15,1,3,1,1.5,6,3
2024-11-07-115200,3,29,8,2,0,12.6,12.6,15,1,7,1,1.5,6,3
2024-11-07-115200,3,29,9,1,0,15.7,15.7,15,1,3,1,1.5,6,3
2024-11-07-115200,3,29,10,1,0,15.7,15.7,15,1,3,1,1.5,6,3
2024-11-07-115200,3,30,1,2,0,14.5,14.5,15,1,7,2,1.5,6,3
2024-11-07-115200,3,30,2,2,1,15,12.6,15,1,7,1,1.5,6,3
2024-11-07-115200,3,30,3,1,0,16.5,16.5,15,1,3,2,1.5,6,3
2024-11-07-115200,3,30,4,2,0,14.5,14.5,15,1,7,2,1.5,6,3
2024-11-07-115200,3,30,5,2,1,15,12.6,15,1,7,1,1.5,6,3
2024-11-07-115200,3,30,6,1,0,16.5,16.5,15,1,3,2,1.5,6,3
2024-11-07-115200,3,30,7,1,0,16.5,16.5,15,1,3,2,1.5,6,3
2024-11-07-115200,3,30,8,2,0,14.5,14.5,15,1,7,2,1.5,6,3
2024-11-07-115200,3,30,9,1,0,16.5,16.5,15,1,3,2,1.5,6,3
2024-11-07-115200,3,30,10,1,0,16.5,16.5,15,1,3,2,1.5,6,3
2024-11-07-115200,3,31,1,2,0,18,18,15,1,7,5,1.5,6,3
2024-11-07-115200,3,31,2,2,1,15,18,15,1,7,4,1.5,6,3
2024-11-07-115200,3,31,3,1,1,15,18,15,1,3,4,1.5,6,3
2024-11-07-115200,3,31,4,2,0,18,18,15,1,7,5,1.5,6,3
2024-11-07-115200,3,31,5,2,1,15,18,15,1,7,4,1.5,6,3
2024-11-07-115200,3,31,6,1,0,18,18,15,1,3,5,1.5,6,3
2024-11-07-115200,3,31,7,1,0,18,18,15,1,3,5,1.5,6,3
2024-11-07-115200,3,31,8,2,1,15,18,15,1,7,4,1.5,6,3
2024-11-07-115200,3,31,9,1,1,15,18,15,1,3,4,1.5,6,3
2024-11-07-115200,3,31,10,1,0,18,18,15,1,3,5,1.5,6,3
2024-11-07-115200,3,32,1,2,0,18,18,15,1,7,4,1.5,6,3
2024-11-07-115200,3,32,2,2,1,15,17,15,1,7,3,1.5,6,3
2024-11-07-115200,3,32,3,1,0,18,18,15,1,3,4,1.5,6,3
2024-11-07-115200,3,32,4,2,1,15,17,15,1,7,3,1.5,6,3
2024-11-07-115200,3,32,5,2,1,15,17,15,1,7,3,1.5,6,3
2024-11-07-115200,3,32,6,1,0,18,18,15,1,3,4,1.5,6,3
2024-11-07-115200,3,32,7,1,0,18,18,15,1,3,4,1.5,6,3
2024-11-07-115200,3,32,8,2,1,15,17,15,1,7,3,1.5,6,3
2024-11-07-115200,3,32,9,1,0,18,18,15,1,3,4,1.5,6,3
2024-11-07-115200,3,32,10,1,0,18,18,15,1,3,4,1.5,6,3
2024-11-07-115200,3,33,1,2,1,15,17,15,1,7,3,1.5,6,3
2024-11-07-115200,3,33,2,2,1,15,17,15,1,7,3,1.5,6,3
2024-11-07-115200,3,33,3,1,0,18,18,15,1,3,4,1.5,6,3
2024-11-07-115200,3,33,4,2,1,15,17,15,1,7,3,1.5,6,3
2024-11-07-115200,3,33,5,2,1,15,17,15,1,7,3,1.5,6,3
2024-11-07-115200,3,33,6,1,0,18,18,15,1,3,4,1.5,6,3
2024-11-07-115200,3,33,7,1,0,18,18,15,1,3,4,1.5,6,3
2024-11-07-115200,3,33,8,2,0,18,18,15,1,7,4,1.5,6,3
2024-11-07-115200,3,33,9,1,0,18,18,15,1,3,4,1.5,6,3
2024-11-07-115200,3,33,10,1,0,18,18,15,1,3,4,1.5,6,3
2024-11-07-115200,3,34,1,2,1,15,18,15,1,7,4,1.5,6,3
2024-11-07-115200,3,34,2,2,1,15,18,15,1,7,4,1.5,6,3
2024-11-07-115200,3,34,3,1,0,18,18,15,1,3,5,1.5,6,3
2024-11-07-115200,3,34,4,2,1,15,18,15,1,7,4,1.5,6,3
2024-11-07-115200,3,34,5,2,0,18,18,15,1,7,5,1.5,6,3
2024-11-07-115200,3,34,6,1,0,18,18,15,1,3,5,1.5,6,3
2024-11-07-115200,3,34,7,1,0,18,18,15,1,3,5,1.5,6,3
2024-11-07-115200,3,34,8,2,1,15,18,15,1,7,4,1.5,6,3
2024-11-07-115200,3,34,9,1,1,15,18,15,1,3,4,1.5,6,3
2024-11-07-115200,3,34,10,1,0,18,18,15,1,3,5,1.5,6,3
2024-11-07-115200,3,35,1,2,1,15,12.6,15,1,7,1,1.5,6,3
2024-11-07-115200,3,35,2,2,1,15,12.6,15,1,7,1,1.5,6,3
2024-11-07-115200,3,35,3,1,0,16.5,16.5,15,1,3,2,1.5,6,3
2024-11-07-115200,3,35,4,2,0,14.5,14.5,15,1,7,2,1.5,6,3
2024-11-07-115200,3,35,5,2,0,14.5,14.5,15,1,7,2,1.5,6,3
2024-11-07-115200,3,35,6,1,0,16.5,16.5,15,1,3,2,1.5,6,3
2024-11-07-115200,3,35,7,1,0,16.5,16.5,15,1,3,2,1.5,6,3
2024-11-07-115200,3,35,8,2,0,14.5,14.5,15,1,7,2,1.5,6,3
2024-11-07-115200,3,35,9,1,0,16.5,16.5,15,1,3,2,1.5,6,3
2024-11-07-115200,3,35,10,1,0,16.5,16.5,15,1,3,2,1.5,6,3
2024-11-07-115200,3,36,1,2,1,15,17,15,1,7,3,1.5,6,3
2024-11-07-115200,3,36,2,2,1,15,17,15,1,7,3,1.5,6,3
2024-11-07-115200,3,36,3,1,0,18,18,15,1,3,4,1.5,6,3
2024-11-07-115200,3,36,4,2,1,15,17,15,1,7,3,1.5,6,3
2024-11-07-115200,3,36,5,2,0,18,18,15,1,7,4,1.5,6,3
2024-11-07-115200,3,36,6,1,0,18,18,15,1,3,4,1.5,6,3
2024-11-07-115200,3,36,7,1,0,18,18,15,1,3,4,1.5,6,3
2024-11-07-115200,3,36,8,2,1,15,17,15,1,7,3,1.5,6,3
2024-11-07-115200,3,36,9,1,0,18,18,15,1,3,4,1.5,6,3
2024-11-07-115200,3,36,10,1,0,18,18,15,1,3,4,1.5,6,3
2024-11-07-115200,3,37,1,2,0,12.6,12.6,15,1,7,1,1.5,6,3
2024-11-07-115200,3,37,2,2,1,15,11,15,1,7,0,1.5,6,3
2024-11-07-115200,3,37,3,1,0,15.7,15.7,15,1,3,1,1.5,6,3
2024-11-07-115200,3,37,4,2,0,12.6,12.6,15,1,7,1,1.5,6,3
2024-11-07-115200,3,37,5,2,0,12.6,12.6,15,1,7,1,1.5,6,3
2024-11-07-115200,3,37,6,1,0,15.7,15.7,15,1,3,1,1.5,6,3
2024-11-07-115200,3,37,7,1,0,15.7,15.7,15,1,3,1,1.5,6,3
2024-11-07-115200,3,37,8,2,0,12.6,12.6,15,1,7,1,1.5,6,3
2024-11-07-115200,3,37,9,1,0,15.7,15.7,15,1,3,1,1.5,6,3
2024-11-07-115200,3,37,10,1,0,15.7,15.7,15,1,3,1,1.5,6,3
2024-11-07-115200,3,38,1,2,0,14.5,14.5,15,1,7,2,1.5,6,3
2024-11-07-115200,3,38,2,2,1,15,12.6,15,1,7,1,1.5,6,3
2024-11-07-115200,3,38,3,1,0,16.5,16.5,15,1,3,2,1.5,6,3
2024-11-07-115200,3,38,4,2,0,14.5,14.5,15,1,7,2,1.5,6,3
2024-11-07-115200,3,38,5,2,0,14.5,14.5,15,1,7,2,1.5,6,3
2024-11-07-115200,3,38,6,1,0,16.5,16.5,15,1,3,2,1.5,6,3
2024-11-07-115200,3,38,7,1,0,16.5,16.5,15,1,3,2,1.5,6,3
2024-11-07-115200,3,38,8,2,0,14.5,14.5,15,1,7,2,1.5,6,3
2024-11-07-115200,3,38,9,1,1,15,15.7,15,1,3,1,1.5,6,3
2024-11-07-115200,3,38,10,1,0,16.5,16.5,15,1,3,2,1.5,6,3
2024-11-07-115200,3,39,1,2,1,15,12.6,15,1,7,1,1.5,6,3
2024-11-07-115200,3,39,2,2,1,15,12.6,15,1,7,1,1.5,6,3
2024-11-07-115200,3,39,3,1,0,16.5,16.5,15,1,3,2,1.5,6,3
2024-11-07-115200,3,39,4,2,0,14.5,14.5,15,1,7,2,1.5,6,3
2024-11-07-115200,3,39,5,2,0,14.5,14.5,15,1,7,2,1.5,6,3
2024-11-07-115200,3,39,6,1,0,16.5,16.5,15,1,3,2,1.5,6,3
2024-11-07-115200,3,39,7,1,0,16.5,16.5,15,1,3,2,1.5,6,3
2024-11-07-115200,3,39,8,2,0,14.5,14.5,15,1,7,2,1.5,6,3
2024-11-07-115200,3,39,9,1,0,16.5,16.5,15,1,3,2,1.5,6,3
2024-11-07-115200,3,39,10,1,0,16.5,16.5,15,1,3,2,1.5,6,3
2024-11-07-115200,3,40,1,2,1,15,18,15,1,7,4,1.5,6,3
2024-11-07-115200,3,40,2,2,1,15,18,15,1,7,4,1.5,6,3
2024-11-07-115200,3,40,3,1,1,15,18,15,1,3,4,1.5,6,3
2024-11-07-115200,3,40,4,2,0,18,18,15,1,7,5,1.5,6,3
2024-11-07-115200,3,40,5,2,1,15,18,15,1,7,4,1.5,6,3
2024-11-07-115200,3,40,6,1,0,18,18,15,1,3,5,1.5,6,3
2024-11-07-115200,3,40,7,1,0,18,18,15,1,3,5,1.5,6,3
2024-11-07-115200,3,40,8,2,1,15,18,15,1,7,4,1.5,6,3
2024-11-07-115200,3,40,9,1,0,18,18,15,1,3,5,1.5,6,3
2024-11-07-115200,3,40,10,1,0,18,18,15,1,3,5,1.5,6,3
2024-11-07-115200,3,41,1,2,1,15,18,15,1,7,4,1.5,6,3
2024-11-07-115200,3,41,2,2,1,15,18,15,1,7,4,1.5,6,3
2024-11-07-115200,3,41,3,1,0,18,18,15,1,3,5,1.5,6,3
2024-11-07-115200,3,41,4,2,0,18,18,15,1,7,5,1.5,6,3
2024-11-07-115200,3,41,5,2,1,15,18,15,1,7,4,1.5,6,3
2024-11-07-115200,3,41,6,1,0,18,18,15,1,3,5,1.5,6,3
2024-11-07-115200,3,41,7,1,0,18,18,15,1,3,5,1.5,6,3
2024-11-07-115200,3,41,8,2,1,15,18,15,1,7,4,1.5,6,3
2024-11-07-115200,3,41,9,1,1,15,18,15,1,3,4,1.5,6,3
2024-11-07-115200,3,41,10,1,0,18,18,15,1,3,5,1.5,6,3
2024-11-07-115200,3,42,1,2,1,15,17,15,1,7,3,1.5,6,3
2024-11-07-115200,3,42,2,2,1,15,17,15,1,7,3,1.5,6,3
2024-11-07-115200,3,42,3,1,0,18,18,15,1,3,4,1.5,6,3
2024-11-07-115200,3,42,4,2,0,18,18,15,1,7,4,1.5,6,3
2024-11-07-115200,3,42,5,2,1,15,17,15,1,7,3,1.5,6,3
2024-11-07-115200,3,42,6,1,0,18,18,15,1,3,4,1.5,6,3
2024-11-07-115200,3,42,7,1,0,18,18,15,1,3,4,1.5,6,3
2024-11-07-115200,3,42,8,2,1,15,17,15,1,7,3,1.5,6,3
2024-11-07-115200,3,42,9,1,0,18,18,15,1,3,4,1.5,6,3
2024-11-07-115200,3,42,10,1,0,18,18,15,1,3,4,1.5,6,3
2024-11-07-115200,3,43,1,2,1,15,17,15,1,7,3,1.5,6,3
2024-11-07-115200,3,43,2,2,1,15,17,15,1,7,3,1.5,6,3
2024-11-07-115200,3,43,3,1,0,18,18,15,1,3,4,1.5,6,3
2024-11-07-115200,3,43,4,2,0,18,18,15,1,7,4,1.5,6,3
2024-11-07-115200,3,43,5,2,1,15,17,15,1,7,3,1.5,6,3
2024-11-07-115200,3,43,6,1,0,18,18,15,1,3,4,1.5,6,3
2024-11-07-115200,3,43,7,1,0,18,18,15,1,3,4,1.5,6,3
2024-11-07-115200,3,43,8,2,1,15,17,15,1,7,3,1.5,6,3
2024-11-07-115200,3,43,9,1,0,18,18,15,1,3,4,1.5,6,3
2024-11-07-115200,3,43,10,1,0,18,18,15,1,3,4,1.5,6,3
2024-11-07-115200,3,44,1,2,1,15,17,15,1,7,3,1.5,6,3
2024-11-07-115200,3,44,2,2,1,15,17,15,1,7,3,1.5,6,3
2024-11-07-115200,3,44,3,1,0,18,18,15,1,3,4,1.5,6,3
2024-11-07-115200,3,44,4,2,0,18,18,15,1,7,4,1.5,6,3
2024-11-07-115200,3,44,5,2,1,15,17,15,1,7,3,1.5,6,3
2024-11-07-115200,3,44,6,1,0,18,18,15,1,3,4,1.5,6,3
2024-11-07-115200,3,44,7,1,0,18,18,15,1,3,4,1.5,6,3
2024-11-07-115200,3,44,8,2,1,15,17,15,1,7,3,1.5,6,3
2024-11-07-115200,3,44,9,1,0,18,18,15,1,3,4,1.5,6,3
2024-11-07-115200,3,44,10,1,0,18,18,15,1,3,4,1.5,6,3
2024-11-07-115200,3,45,1,2,0,17,17,15,1,7,3,1.5,6,3
2024-11-07-115200,3,45,2,2,1,15,14.5,15,1,7,2,1.5,6,3
2024-11-07-115200,3,45,3,1,0,17.6,17.6,15,1,3,3,1.5,6,3
2024-11-07-115200,3,45,4,2,0,17,17,15,1,7,3,1.5,6,3
2024-11-07-115200,3,45,5,2,1,15,14.5,15,1,7,2,1.5,6,3
2024-11-07-115200,3,45,6,1,0,17.6,17.6,15,1,3,3,1.5,6,3
2024-11-07-115200,3,45,7,1,0,17.6,17.6,15,1,3,3,1.5,6,3
2024-11-07-115200,3,45,8,2,1,15,14.5,15,1,7,2,1.5,6,3
2024-11-07-115200,3,45,9,1,0,17.6,17.6,15,1,3,3,1.5,6,3
2024-11-07-115200,3,45,10,1,0,17.6,17.6,15,1,3,3,1.5,6,3
2024-11-07-115200,3,46,1,2,1,15,18,15,1,7,4,1.5,6,3
2024-11-07-115200,3,46,2,2,1,15,18,15,1,7,4,1.5,6,3
2024-11-07-115200,3,46,3,1,1,15,18,15,1,3,4,1.5,6,3
2024-11-07-115200,3,46,4,2,1,15,18,15,1,7,4,1.5,6,3
2024-11-07-115200,3,46,5,2,1,15,18,15,1,7,4,1.5,6,3
2024-11-07-115200,3,46,6,1,0,18,18,15,1,3,5,1.5,6,3
2024-11-07-115200,3,46,7,1,0,18,18,15,1,3,5,1.5,6,3
2024-11-07-115200,3,46,8,2,0,18,18,15,1,7,5,1.5,6,3
2024-11-07-115200,3,46,9,1,0,18,18,15,1,3,5,1.5,6,3
2024-11-07-115200,3,46,10,1,0,18,18,15,1,3,5,1.5,6,3
2024-11-07-115200,3,47,1,2,1,15,12.6,15,1,7,1,1.5,6,3
2024-11-07-115200,3,47,2,2,1,15,12.6,15,1,7,1,1.5,6,3
2024-11-07-115200,3,47,3,1,0,16.5,16.5,15,1,3,2,1.5,6,3
2024-11-07-115200,3,47,4,2,0,14.5,14.5,15,1,7,2,1.5,6,3
2024-11-07-115200,3,47,5,2,0,14.5,14.5,15,1,7,2,1.5,6,3
2024-11-07-115200,3,47,6,1,0,16.5,16.5,15,1,3,2,1.5,6,3
2024-11-07-115200,3,47,7,1,0,16.5,16.5,15,1,3,2,1.5,6,3
2024-11-07-115200,3,47,8,2,0,14.5,14.5,15,1,7,2,1.5,6,3
2024-11-07-115200,3,47,9,1,0,16.5,16.5,15,1,3,2,1.5,6,3
2024-11-07-115200,3,47,10,1,0,16.5,16.5,15,1,3,2,1.5,6,3
2024-11-07-115200,3,48,1,2,1,15,14.5,15,1,7,2,1.5,6,3
2024-11-07-115200,3,48,2,2,1,15,14.5,15,1,7,2,1.5,6,3
2024-11-07-115200,3,48,3,1,0,17.6,17.6,15,1,3,3,1.5,6,3
2024-11-07-115200,3,48,4,2,0,17,17,15,1,7,3,1.5,6,3
2024-11-07-115200,3,48,5,2,0,17,17,15,1,7,3,1.5,6,3
2024-11-07-115200,3,48,6,1,0,17.6,17.6,15,1,3,3,1.5,6,3
2024-11-07-115200,3,48,7,1,0,17.6,17.6,15,1,3,3,1.5,6,3
2024-11-07-115200,3,48,8,2,0,17,17,15,1,7,3,1.5,6,3
2024-11-07-115200,3,48,9,1,1,15,16.5,15,1,3,2,1.5,6,3
2024-11-07-115200,3,48,10,1,0,17.6,17.6,15,1,3,3,1.5,6,3
2024-11-07-115200,3,49,1,2,0,14.5,14.5,15,1,7,2,1.5,6,3
2024-11-07-115200,3,49,2,2,1,15,12.6,15,1,7,1,1.5,6,3
2024-11-07-115200,3,49,3,1,0,16.5,16.5,15,1,3,2,1.5,6,3
2024-11-07-115200,3,49,4,2,0,14.5,14.5,15,1,7,2,1.5,6,3
2024-11-07-115200,3,49,5,2,0,14.5,14.5,15,1,7,2,1.5,6,3
2024-11-07-115200,3,49,6,1,0,16.5,16.5,15,1,3,2,1.5,6,3
2024-11-07-115200,3,49,7,1,0,16.5,16.5,15,1,3,2,1.5,6,3
2024-11-07-115200,3,49,8,2,1,15,12.6,15,1,7,1,1.5,6,3
2024-11-07-115200,3,49,9,1,0,16.5,16.5,15,1,3,2,1.5,6,3
2024-11-07-115200,3,49,10,1,0,16.5,16.5,15,1,3,2,1.5,6,3
2024-11-07-115200,3,50,1,2,0,17,17,15,1,7,3,1.5,6,3
2024-11-07-115200,3,50,2,2,1,15,14.5,15,1,7,2,1.5,6,3
2024-11-07-115200,3,50,3,1,1,15,16.5,15,1,3,2,1.5,6,3
2024-11-07-115200,3,50,4,2,0,17,17,15,1,7,3,1.5,6,3
2024-11-07-115200,3,50,5,2,0,17,17,15,1,7,3,1.5,6,3
2024-11-07-115200,3,50,6,1,0,17.6,17.6,15,1,3,3,1.5,6,3
2024-11-07-115200,3,50,7,1,0,17.6,17.6,15,1,3,3,1.5,6,3
2024-11-07-115200,3,50,8,2,1,15,14.5,15,1,7,2,1.5,6,3
2024-11-07-115200,3,50,9,1,0,17.6,17.6,15,1,3,3,1.5,6,3
2024-11-07-115200,3,50,10,1,0,17.6,17.6,15,1,3,3,1.5,6,3
2024-11-07-115200,3,51,1,2,0,17,17,15,1,7,3,1.5,6,3
2024-11-07-115200,3,51,2,2,1,15,14.5,15,1,7,2,1.5,6,3
2024-11-07-115200,3,51,3,1,1,15,16.5,15,1,3,2,1.5,6,3
2024-11-07-115200,3,51,4,2,0,17,17,15,1,7,3,1.5,6,3
2024-11-07-115200,3,51,5,2,0,17,17,15,1,7,3,1.5,6,3
2024-11-07-115200,3,51,6,1,0,17.6,17.6,15,1,3,3,1.5,6,3
2024-11-07-115200,3,51,7,1,0,17.6,17.6,15,1,3,3,1.5,6,3
2024-11-07-115200,3,51,8,2,1,15,14.5,15,1,7,2,1.5,6,3
2024-11-07-115200,3,51,9,1,0,17.6,17.6,15,1,3,3,1.5,6,3
2024-11-07-115200,3,51,10,1,0,17.6,17.6,15,1,3,3,1.5,6,3
2024-11-07-115200,3,52,1,2,0,12.6,12.6,15,1,7,1,1.5,6,3
2024-11-07-115200,3,52,2,2,1,15,11,15,1,7,0,1.5,6,3
2024-11-07-115200,3,52,3,1,0,15.7,15.7,15,1,3,1,1.5,6,3
2024-11-07-115200,3,52,4,2,0,12.6,12.6,15,1,7,1,1.5,6,3
2024-11-07-115200,3,52,5,2,0,12.6,12.6,15,1,7,1,1.5,6,3
2024-11-07-115200,3,52,6,1,0,15.7,15.7,15,1,3,1,1.5,6,3
2024-11-07-115200,3,52,7,1,0,15.7,15.7,15,1,3,1,1.5,6,3
2024-11-07-115200,3,52,8,2,0,12.6,12.6,15,1,7,1,1.5,6,3
2024-11-07-115200,3,52,9,1,0,15.7,15.7,15,1,3,1,1.5,6,3
2024-11-07-115200,3,52,10,1,0,15.7,15.7,15,1,3,1,1.5,6,3
2024-11-07-115200,3,53,1,2,0,12.6,12.6,15,1,7,1,1.5,6,3
2024-11-07-115200,3,53,2,2,1,15,11,15,1,7,0,1.5,6,3
2024-11-07-115200,3,53,3,1,0,15.7,15.7,15,1,3,1,1.5,6,3
2024-11-07-115200,3,53,4,2,0,12.6,12.6,15,1,7,1,1.5,6,3
2024-11-07-115200,3,53,5,2,0,12.6,12.6,15,1,7,1,1.5,6,3
2024-11-07-115200,3,53,6,1,0,15.7,15.7,15,1,3,1,1.5,6,3
2024-11-07-115200,3,53,7,1,0,15.7,15.7,15,1,3,1,1.5,6,3
2024-11-07-115200,3,53,8,2,0,12.6,12.6,15,1,7,1,1.5,6,3
2024-11-07-115200,3,53,9,1,0,15.7,15.7,15,1,3,1,1.5,6,3
2024-11-07-115200,3,53,10,1,0,15.7,15.7,15,1,3,1,1.5,6,3
2024-11-07-115200,3,54,1,2,1,15,12.6,15,1,7,1,1.5,6,3
2024-11-07-115200,3,54,2,2,1,15,12.6,15,1,7,1,1.5,6,3
2024-11-07-115200,3,54,3,1,0,16.5,16.5,15,1,3,2,1.5,6,3
2024-11-07-115200,3,54,4,2,0,14.5,14.5,15,1,7,2,1.5,6,3
2024-11-07-115200,3,54,5,2,0,14.5,14.5,15,1,7,2,1.5,6,3
2024-11-07-115200,3,54,6,1,0,16.5,16.5,15,1,3,2,1.5,6,3
2024-11-07-115200,3,54,7,1,0,16.5,16.5,15,1,3,2,1.5,6,3
2024-11-07-115200,3,54,8,2,0,14.5,14.5,15,1,7,2,1.5,6,3
2024-11-07-115200,3,54,9,1,0,16.5,16.5,15,1,3,2,1.5,6,3
2024-11-07-115200,3,54,10,1,0,16.5,16.5,15,1,3,2,1.5,6,3
2024-11-07-115200,3,55,1,2,1,15,14.5,15,1,7,2,1.5,6,3
2024-11-07-115200,3,55,2,2,1,15,14.5,15,1,7,2,1.5,6,3
2024-11-07-115200,3,55,3,1,0,17.6,17.6,15,1,3,3,1.5,6,3
2024-11-07-115200,3,55,4,2,0,17,17,15,1,7,3,1.5,6,3
2024-11-07-115200,3,55,5,2,0,17,17,15,1,7,3,1.5,6,3
2024-11-07-115200,3,55,6,1,0,17.6,17.6,15,1,3,3,1.5,6,3
2024-11-07-115200,3,55,7,1,0,17.6,17.6,15,1,3,3,1.5,6,3
2024-11-07-115200,3,55,8,2,1,15,14.5,15,1,7,2,1.5,6,3
2024-11-07-115200,3,55,9,1,0,17.6,17.6,15,1,3,3,1.5,6,3
2024-11-07-115200,3,55,10,1,0,17.6,17.6,15,1,3,3,1.5,6,3
2024-11-07-115200,3,56,1,2,1,15,14.5,15,1,7,2,1.5,6,3
2024-11-07-115200,3,56,2,2,1,15,14.5,15,1,7,2,1.5,6,3
2024-11-07-115200,3,56,3,1,0,17.6,17.6,15,1,3,3,1.5,6,3
2024-11-07-115200,3,56,4,2,0,17,17,15,1,7,3,1.5,6,3
2024-11-07-115200,3,56,5,2,0,17,17,15,1,7,3,1.5,6,3
2024-11-07-115200,3,56,6,1,0,17.6,17.6,15,1,3,3,1.5,6,3
2024-11-07-115200,3,56,7,1,0,17.6,17.6,15,1,3,3,1.5,6,3
2024-11-07-115200,3,56,8,2,1,15,14.5,15,1,7,2,1.5,6,3
2024-11-07-115200,3,56,9,1,0,17.6,17.6,15,1,3,3,1.5,6,3
2024-11-07-115200,3,56,10,1,0,17.6,17.6,15,1,3,3,1.5,6,3
2024-11-07-115200,3,57,1,2,1,15,14.5,15,1,7,2,1.5,6,3
2024-11-07-115200,3,57,2,2,1,15,14.5,15,1,7,2,1.5,6,3
2024-11-07-115200,3,57,3,1,0,17.6,17.6,15,1,3,3,1.5,6,3
2024-11-07-115200,3,57,4,2,0,17,17,15,1,7,3,1.5,6,3
2024-11-07-115200,3,57,5,2,0,17,17,15,1,7,3,1.5,6,3
2024-11-07-115200,3,57,6,1,0,17.6,17.6,15,1,3,3,1.5,6,3
2024-11-07-115200,3,57,7,1,0,17.6,17.6,15,1,3,3,1.5,6,3
2024-11-07-115200,3,57,8,2,0,17,17,15,1,7,3,1.5,6,3
2024-11-07-115200,3,57,9,1,1,15,16.5,15,1,3,2,1.5,6,3
2024-11-07-115200,3,57,10,1,0,17.6,17.6,15,1,3,3,1.5,6,3
2024-11-07-115200,3,58,1,2,0,17,17,15,1,7,3,1.5,6,3
2024-11-07-115200,3,58,2,2,1,15,14.5,15,1,7,2,1.5,6,3
2024-11-07-115200,3,58,3,1,0,17.6,17.6,15,1,3,3,1.5,6,3
2024-11-07-115200,3,58,4,2,0,17,17,15,1,7,3,1.5,6,3
2024-11-07-115200,3,58,5,2,0,17,17,15,1,7,3,1.5,6,3
2024-11-07-115200,3,58,6,1,0,17.6,17.6,15,1,3,3,1.5,6,3
2024-11-07-115200,3,58,7,1,0,17.6,17.6,15,1,3,3,1.5,6,3
2024-11-07-115200,3,58,8,2,1,15,14.5,15,1,7,2,1.5,6,3
2024-11-07-115200,3,58,9,1,1,15,16.5,15,1,3,2,1.5,6,3
2024-11-07-115200,3,58,10,1,0,17.6,17.6,15,1,3,3,1.5,6,3
2024-11-07-115200,3,59,1,2,0,14.5,14.5,15,1,7,2,1.5,6,3
2024-11-07-115200,3,59,2,2,1,15,12.6,15,1,7,1,1.5,6,3
2024-11-07-115200,3,59,3,1,0,16.5,16.5,15,1,3,2,1.5,6,3
2024-11-07-115200,3,59,4,2,0,14.5,14.5,15,1,7,2,1.5,6,3
2024-11-07-115200,3,59,5,2,0,14.5,14.5,15,1,7,2,1.5,6,3
2024-11-07-115200,3,59,6,1,0,16.5,16.5,15,1,3,2,1.5,6,3
2024-11-07-115200,3,59,7,1,0,16.5,16.5,15,1,3,2,1.5,6,3
2024-11-07-115200,3,59,8,2,1,15,12.6,15,1,7,1,1.5,6,3
2024-11-07-115200,3,59,9,1,0,16.5,16.5,15,1,3,2,1.5,6,3
2024-11-07-115200,3,59,10,1,0,16.5,16.5,15,1,3,2,1.5,6,3
2024-11-07-115200,3,60,1,2,0,12.6,12.6,15,1,7,1,1.5,6,3
2024-11-07-115200,3,60,2,2,1,15,11,15,1,7,0,1.5,6,3
2024-11-07-115200,3,60,3,1,0,15.7,15.7,15,1,3,1,1.5,6,3
2024-11-07-115200,3,60,4,2,0,12.6,12.6,15,1,7,1,1.5,6,3
2024-11-07-115200,3,60,5,2,0,12.6,12.6,15,1,7,1,1.5,6,3
2024-11-07-115200,3,60,6,1,0,15.7,15.7,15,1,3,1,1.5,6,3
2024-11-07-115200,3,60,7,1,0,15.7,15.7,15,1,3,1,1.5,6,3
2024-11-07-115200,3,60,8,2,0,12.6,12.6,15,1,7,1,1.5,6,3
2024-11-07-115200,3,60,9,1,0,15.7,15.7,15,1,3,1,1.5,6,3
2024-11-07-115200,3,60,10,1,0,15.7,15.7,15,1,3,1,1.5,6,3
